id;level 0;level 1;name
1;Instruction;Terminator Instructions;ret 
2;Instruction;Terminator Instructions;br 
3;Instruction;Terminator Instructions;switch 
4;Instruction;Terminator Instructions;indirectbr 
5;Instruction;Terminator Instructions;invoke 
6;Instruction;Terminator Instructions;callbr 
7;Instruction;Terminator Instructions;resume 
8;Instruction;Terminator Instructions;catchswitch 
9;Instruction;Terminator Instructions;catchret 
10;Instruction;Terminator Instructions;cleanupret 
11;Instruction;Terminator Instructions;unreachable 
12;Instruction;Unary Operations;fneg 
13;Instruction;Binary Operations;add 
14;Instruction;Binary Operations;fadd 
15;Instruction;Binary Operations;sub 
16;Instruction;Binary Operations;fsub 
17;Instruction;Binary Operations;mul 
18;Instruction;Binary Operations;fmul 
19;Instruction;Binary Operations;udiv 
20;Instruction;Binary Operations;sdiv 
21;Instruction;Binary Operations;fdiv 
22;Instruction;Binary Operations;urem 
23;Instruction;Binary Operations;srem 
24;Instruction;Binary Operations;frem 
25;Instruction;Bitwise Binary Operations;shl 
26;Instruction;Bitwise Binary Operations;lshr 
27;Instruction;Bitwise Binary Operations;ashr 
28;Instruction;Bitwise Binary Operations;and 
29;Instruction;Bitwise Binary Operations;or 
30;Instruction;Bitwise Binary Operations;xor 
31;Instruction;Vector Operations;extractelement 
32;Instruction;Vector Operations;insertelement 
33;Instruction;Vector Operations;shufflevector 
34;Instruction;Aggregate Operations;extractvalue 
35;Instruction;Aggregate Operations;insertvalue 
36;Instruction;Memory Access and Addressing Operations;alloca 
37;Instruction;Memory Access and Addressing Operations;load 
38;Instruction;Memory Access and Addressing Operations;store 
39;Instruction;Memory Access and Addressing Operations;fence 
40;Instruction;Memory Access and Addressing Operations;cmpxchg 
41;Instruction;Memory Access and Addressing Operations;atomicrmw 
42;Instruction;Memory Access and Addressing Operations;getelementptr 
43;Instruction;Conversion Operations;trunc .. to 
44;Instruction;Conversion Operations;zext .. to 
45;Instruction;Conversion Operations;sext .. to 
46;Instruction;Conversion Operations;fptrunc .. to 
47;Instruction;Conversion Operations;fpext .. to 
48;Instruction;Conversion Operations;fptoui .. to 
49;Instruction;Conversion Operations;fptosi .. to 
50;Instruction;Conversion Operations;uitofp .. to 
51;Instruction;Conversion Operations;sitofp .. to 
52;Instruction;Conversion Operations;ptrtoint .. to 
53;Instruction;Conversion Operations;inttoptr .. to 
54;Instruction;Conversion Operations;bitcast .. to 
55;Instruction;Conversion Operations;addrspacecast .. to 
56;Instruction;Other Operations;icmp 
57;Instruction;Other Operations;fcmp 
58;Instruction;Other Operations;phi 
59;Instruction;Other Operations;select 
60;Instruction;Other Operations;freeze 
61;Instruction;Other Operations;call 
62;Instruction;Other Operations;va_arg 
63;Instruction;Other Operations;landingpad 
64;Instruction;Other Operations;catchpad 
65;Instruction;Other Operations;cleanuppad 
66;Intrinsic Function;Variable Argument Handling Intrinsics;llvm.va_start 
67;Intrinsic Function;Variable Argument Handling Intrinsics;llvm.va_end 
68;Intrinsic Function;Variable Argument Handling Intrinsics;llvm.va_copy 
69;Intrinsic Function;Accurate Garbage Collection Intrinsics;llvm.gcroot 
70;Intrinsic Function;Accurate Garbage Collection Intrinsics;llvm.gcread 
71;Intrinsic Function;Accurate Garbage Collection Intrinsics;llvm.gcwrite 
72;Intrinsic Function;Accurate Garbage Collection Intrinsics;llvm.experimental.gc.statepoint 
73;Intrinsic Function;Accurate Garbage Collection Intrinsics;llvm.experimental.gc.result 
74;Intrinsic Function;Accurate Garbage Collection Intrinsics;llvm.experimental.gc.relocate 
75;Intrinsic Function;Accurate Garbage Collection Intrinsics;llvm.experimental.gc.get.pointer.base 
76;Intrinsic Function;Accurate Garbage Collection Intrinsics;llvm.experimental.gc.get.pointer.offset 
77;Intrinsic Function;Code Generator Intrinsics;llvm.returnaddress 
78;Intrinsic Function;Code Generator Intrinsics;llvm.addressofreturnaddress 
79;Intrinsic Function;Code Generator Intrinsics;llvm.sponentry 
80;Intrinsic Function;Code Generator Intrinsics;llvm.frameaddress 
81;Intrinsic Function;Code Generator Intrinsics;llvm.swift.async.context.addr 
82;Intrinsic Function;Code Generator Intrinsics;llvm.localescape and llvm.localrecover 
83;Intrinsic Function;Code Generator Intrinsics;llvm.seh.try.begin and llvm.seh.try.end 
84;Intrinsic Function;Code Generator Intrinsics;llvm.seh.scope.begin and llvm.seh.scope.end 
85;Intrinsic Function;Code Generator Intrinsics;llvm.read_register, llvm.read_volatile_register, and llvm.write_register 
86;Intrinsic Function;Code Generator Intrinsics;llvm.stacksave 
87;Intrinsic Function;Code Generator Intrinsics;llvm.stackrestore 
88;Intrinsic Function;Code Generator Intrinsics;llvm.get.dynamic.area.offset 
89;Intrinsic Function;Code Generator Intrinsics;llvm.prefetch 
90;Intrinsic Function;Code Generator Intrinsics;llvm.pcmarker 
91;Intrinsic Function;Code Generator Intrinsics;llvm.readcyclecounter 
92;Intrinsic Function;Code Generator Intrinsics;llvm.clear_cache 
93;Intrinsic Function;Code Generator Intrinsics;llvm.instrprof.increment 
94;Intrinsic Function;Code Generator Intrinsics;llvm.instrprof.increment.step 
95;Intrinsic Function;Code Generator Intrinsics;llvm.instrprof.cover 
96;Intrinsic Function;Code Generator Intrinsics;llvm.instrprof.value.profile 
97;Intrinsic Function;Code Generator Intrinsics;llvm.thread.pointer 
98;Intrinsic Function;Code Generator Intrinsics;llvm.call.preallocated.setup 
99;Intrinsic Function;Code Generator Intrinsics;llvm.call.preallocated.arg 
100;Intrinsic Function;Code Generator Intrinsics;llvm.call.preallocated.teardown 
101;Intrinsic Function;Standard C/C++ Library Intrinsics;llvm.abs.* 
102;Intrinsic Function;Standard C/C++ Library Intrinsics;llvm.smax.* 
103;Intrinsic Function;Standard C/C++ Library Intrinsics;llvm.smin.* 
104;Intrinsic Function;Standard C/C++ Library Intrinsics;llvm.umax.* 
105;Intrinsic Function;Standard C/C++ Library Intrinsics;llvm.umin.* 
106;Intrinsic Function;Standard C/C++ Library Intrinsics;llvm.memcpy 
107;Intrinsic Function;Standard C/C++ Library Intrinsics;llvm.memcpy.inline 
108;Intrinsic Function;Standard C/C++ Library Intrinsics;llvm.memmove 
109;Intrinsic Function;Standard C/C++ Library Intrinsics;llvm.memset.* 
110;Intrinsic Function;Standard C/C++ Library Intrinsics;llvm.sqrt.* 
111;Intrinsic Function;Standard C/C++ Library Intrinsics;llvm.powi.* 
112;Intrinsic Function;Standard C/C++ Library Intrinsics;llvm.sin.* 
113;Intrinsic Function;Standard C/C++ Library Intrinsics;llvm.cos.* 
114;Intrinsic Function;Standard C/C++ Library Intrinsics;llvm.pow.* 
115;Intrinsic Function;Standard C/C++ Library Intrinsics;llvm.exp.* 
116;Intrinsic Function;Standard C/C++ Library Intrinsics;llvm.exp2.* 
117;Intrinsic Function;Standard C/C++ Library Intrinsics;llvm.log.* 
118;Intrinsic Function;Standard C/C++ Library Intrinsics;llvm.log10.* 
119;Intrinsic Function;Standard C/C++ Library Intrinsics;llvm.log2.* 
120;Intrinsic Function;Standard C/C++ Library Intrinsics;llvm.fma.* 
121;Intrinsic Function;Standard C/C++ Library Intrinsics;llvm.fabs.* 
122;Intrinsic Function;Standard C/C++ Library Intrinsics;llvm.minnum.* 
123;Intrinsic Function;Standard C/C++ Library Intrinsics;llvm.maxnum.* 
124;Intrinsic Function;Standard C/C++ Library Intrinsics;llvm.minimum.* 
125;Intrinsic Function;Standard C/C++ Library Intrinsics;llvm.maximum.* 
126;Intrinsic Function;Standard C/C++ Library Intrinsics;llvm.copysign.* 
127;Intrinsic Function;Standard C/C++ Library Intrinsics;llvm.floor.* 
128;Intrinsic Function;Standard C/C++ Library Intrinsics;llvm.ceil.* 
129;Intrinsic Function;Standard C/C++ Library Intrinsics;llvm.trunc.* 
130;Intrinsic Function;Standard C/C++ Library Intrinsics;llvm.rint.* 
131;Intrinsic Function;Standard C/C++ Library Intrinsics;llvm.nearbyint.* 
132;Intrinsic Function;Standard C/C++ Library Intrinsics;llvm.round.* 
133;Intrinsic Function;Standard C/C++ Library Intrinsics;llvm.roundeven.* 
134;Intrinsic Function;Standard C/C++ Library Intrinsics;llvm.lround.* 
135;Intrinsic Function;Standard C/C++ Library Intrinsics;llvm.llround.* 
136;Intrinsic Function;Standard C/C++ Library Intrinsics;llvm.lrint.* 
137;Intrinsic Function;Standard C/C++ Library Intrinsics;llvm.llrint.* 
138;Intrinsic Function;Bit Manipulation Intrinsics;llvm.bitreverse.* 
139;Intrinsic Function;Bit Manipulation Intrinsics;llvm.bswap.* 
140;Intrinsic Function;Bit Manipulation Intrinsics;llvm.ctpop.* 
141;Intrinsic Function;Bit Manipulation Intrinsics;llvm.ctlz.* 
142;Intrinsic Function;Bit Manipulation Intrinsics;llvm.cttz.* 
143;Intrinsic Function;Bit Manipulation Intrinsics;llvm.fshl.* 
144;Intrinsic Function;Bit Manipulation Intrinsics;llvm.fshr.* 
145;Intrinsic Function;Arithmetic with Overflow Intrinsics;llvm.sadd.with.overflow.* 
146;Intrinsic Function;Arithmetic with Overflow Intrinsics;llvm.uadd.with.overflow.* 
147;Intrinsic Function;Arithmetic with Overflow Intrinsics;llvm.ssub.with.overflow.* 
148;Intrinsic Function;Arithmetic with Overflow Intrinsics;llvm.usub.with.overflow.* 
149;Intrinsic Function;Arithmetic with Overflow Intrinsics;llvm.smul.with.overflow.* 
150;Intrinsic Function;Arithmetic with Overflow Intrinsics;llvm.umul.with.overflow.* 
151;Intrinsic Function;Saturation Arithmetic Intrinsics;llvm.sadd.sat.* 
152;Intrinsic Function;Saturation Arithmetic Intrinsics;llvm.uadd.sat.* 
153;Intrinsic Function;Saturation Arithmetic Intrinsics;llvm.ssub.sat.* 
154;Intrinsic Function;Saturation Arithmetic Intrinsics;llvm.usub.sat.* 
155;Intrinsic Function;Saturation Arithmetic Intrinsics;llvm.sshl.sat.* 
156;Intrinsic Function;Saturation Arithmetic Intrinsics;llvm.ushl.sat.* 
157;Intrinsic Function;Fixed Point Arithmetic Intrinsics;llvm.smul.fix.* 
158;Intrinsic Function;Fixed Point Arithmetic Intrinsics;llvm.umul.fix.* 
159;Intrinsic Function;Fixed Point Arithmetic Intrinsics;llvm.smul.fix.sat.* 
160;Intrinsic Function;Fixed Point Arithmetic Intrinsics;llvm.umul.fix.sat.* 
161;Intrinsic Function;Fixed Point Arithmetic Intrinsics;llvm.sdiv.fix.* 
162;Intrinsic Function;Fixed Point Arithmetic Intrinsics;llvm.udiv.fix.* 
163;Intrinsic Function;Fixed Point Arithmetic Intrinsics;llvm.sdiv.fix.sat.* 
164;Intrinsic Function;Fixed Point Arithmetic Intrinsics;llvm.udiv.fix.sat.* 
165;Intrinsic Function;Specialised Arithmetic Intrinsics;llvm.canonicalize.* 
166;Intrinsic Function;Specialised Arithmetic Intrinsics;llvm.fmuladd.* 
167;Intrinsic Function;Hardware-Loop Intrinsics;llvm.set.loop.iterations.* 
168;Intrinsic Function;Hardware-Loop Intrinsics;llvm.start.loop.iterations.* 
169;Intrinsic Function;Hardware-Loop Intrinsics;llvm.test.set.loop.iterations.* 
170;Intrinsic Function;Hardware-Loop Intrinsics;llvm.test.start.loop.iterations.* 
171;Intrinsic Function;Hardware-Loop Intrinsics;llvm.loop.decrement.reg.* 
172;Intrinsic Function;Hardware-Loop Intrinsics;llvm.loop.decrement.* 
173;Intrinsic Function;Vector Reduction Intrinsics;llvm.vector.reduce.add.* 
174;Intrinsic Function;Vector Reduction Intrinsics;llvm.vector.reduce.fadd.* 
175;Intrinsic Function;Vector Reduction Intrinsics;llvm.vector.reduce.mul.* 
176;Intrinsic Function;Vector Reduction Intrinsics;llvm.vector.reduce.fmul.* 
177;Intrinsic Function;Vector Reduction Intrinsics;llvm.vector.reduce.and.* 
178;Intrinsic Function;Vector Reduction Intrinsics;llvm.vector.reduce.or.* 
179;Intrinsic Function;Vector Reduction Intrinsics;llvm.vector.reduce.xor.* 
180;Intrinsic Function;Vector Reduction Intrinsics;llvm.vector.reduce.smax.* 
181;Intrinsic Function;Vector Reduction Intrinsics;llvm.vector.reduce.smin.* 
182;Intrinsic Function;Vector Reduction Intrinsics;llvm.vector.reduce.umax.* 
183;Intrinsic Function;Vector Reduction Intrinsics;llvm.vector.reduce.umin.* 
184;Intrinsic Function;Vector Reduction Intrinsics;llvm.vector.reduce.fmax.* 
185;Intrinsic Function;Vector Reduction Intrinsics;llvm.vector.reduce.fmin.* 
186;Intrinsic Function;Vector Reduction Intrinsics;llvm.experimental.vector.insert 
187;Intrinsic Function;Vector Reduction Intrinsics;llvm.experimental.vector.extract 
188;Intrinsic Function;Vector Reduction Intrinsics;llvm.experimental.vector.reverse 
189;Intrinsic Function;Vector Reduction Intrinsics;llvm.experimental.vector.splice 
190;Intrinsic Function;Vector Reduction Intrinsics;llvm.experimental.stepvector 
191;Intrinsic Function;Matrix Intrinsics;llvm.matrix.transpose.* 
192;Intrinsic Function;Matrix Intrinsics;llvm.matrix.multiply.* 
193;Intrinsic Function;Matrix Intrinsics;llvm.matrix.column.major.load.* 
194;Intrinsic Function;Matrix Intrinsics;llvm.matrix.column.major.store.* 
195;Intrinsic Function;Half Precision Floating-Point Intrinsics;llvm.convert.to.fp16 
196;Intrinsic Function;Half Precision Floating-Point Intrinsics;llvm.convert.from.fp16 
197;Intrinsic Function;Saturating floating-point to integer conversions;llvm.fptoui.sat.* 
198;Intrinsic Function;Saturating floating-point to integer conversions;llvm.fptosi.sat.* 
199;Intrinsic Function;Debugger Intrinsics;…
200;Intrinsic Function;Exception Handling Intrinsics;…
201;Intrinsic Function;Pointer Authentication Intrinsics;…
202;Intrinsic Function;Trampoline Intrinsics;llvm.init.trampoline 
203;Intrinsic Function;Trampoline Intrinsics;llvm.adjust.trampoline 
204;Intrinsic Function;Vector Predication Intrinsics;llvm.vp.select.* 
205;Intrinsic Function;Vector Predication Intrinsics;llvm.vp.merge.* 
206;Intrinsic Function;Vector Predication Intrinsics;llvm.vp.add.* 
207;Intrinsic Function;Vector Predication Intrinsics;llvm.vp.sub.* 
208;Intrinsic Function;Vector Predication Intrinsics;llvm.vp.mul.* 
209;Intrinsic Function;Vector Predication Intrinsics;llvm.vp.sdiv.* 
210;Intrinsic Function;Vector Predication Intrinsics;llvm.vp.udiv.* 
211;Intrinsic Function;Vector Predication Intrinsics;llvm.vp.srem.* 
212;Intrinsic Function;Vector Predication Intrinsics;llvm.vp.urem.* 
213;Intrinsic Function;Vector Predication Intrinsics;llvm.vp.ashr.* 
214;Intrinsic Function;Vector Predication Intrinsics;llvm.vp.lshr.* 
215;Intrinsic Function;Vector Predication Intrinsics;llvm.vp.shl.* 
216;Intrinsic Function;Vector Predication Intrinsics;llvm.vp.or.* 
217;Intrinsic Function;Vector Predication Intrinsics;llvm.vp.and.* 
218;Intrinsic Function;Vector Predication Intrinsics;llvm.vp.xor.* 
219;Intrinsic Function;Vector Predication Intrinsics;llvm.vp.fadd.* 
220;Intrinsic Function;Vector Predication Intrinsics;llvm.vp.fsub.* 
221;Intrinsic Function;Vector Predication Intrinsics;llvm.vp.fmul.* 
222;Intrinsic Function;Vector Predication Intrinsics;llvm.vp.fdiv.* 
223;Intrinsic Function;Vector Predication Intrinsics;llvm.vp.frem.* 
224;Intrinsic Function;Vector Predication Intrinsics;llvm.vp.fneg.* 
225;Intrinsic Function;Vector Predication Intrinsics;llvm.vp.fma.* 
226;Intrinsic Function;Vector Predication Intrinsics;llvm.vp.reduce.add.* 
227;Intrinsic Function;Vector Predication Intrinsics;llvm.vp.reduce.fadd.* 
228;Intrinsic Function;Vector Predication Intrinsics;llvm.vp.reduce.mul.* 
229;Intrinsic Function;Vector Predication Intrinsics;llvm.vp.reduce.fmul.* 
230;Intrinsic Function;Vector Predication Intrinsics;llvm.vp.reduce.and.* 
231;Intrinsic Function;Vector Predication Intrinsics;llvm.vp.reduce.or.* 
232;Intrinsic Function;Vector Predication Intrinsics;llvm.vp.reduce.xor.* 
233;Intrinsic Function;Vector Predication Intrinsics;llvm.vp.reduce.smax.* 
234;Intrinsic Function;Vector Predication Intrinsics;llvm.vp.reduce.smin.* 
235;Intrinsic Function;Vector Predication Intrinsics;llvm.vp.reduce.umax.* 
236;Intrinsic Function;Vector Predication Intrinsics;llvm.vp.reduce.umin.* 
237;Intrinsic Function;Vector Predication Intrinsics;llvm.vp.reduce.fmax.* 
238;Intrinsic Function;Vector Predication Intrinsics;llvm.vp.reduce.fmin.* 
239;Intrinsic Function;Vector Predication Intrinsics;llvm.get.active.lane.mask.* 
240;Intrinsic Function;Vector Predication Intrinsics;llvm.experimental.vp.splice 
241;Intrinsic Function;Vector Predication Intrinsics;llvm.vp.load 
242;Intrinsic Function;Vector Predication Intrinsics;llvm.vp.store 
243;Intrinsic Function;Vector Predication Intrinsics;llvm.experimental.vp.strided.load 
244;Intrinsic Function;Vector Predication Intrinsics;llvm.experimental.vp.strided.store 
245;Intrinsic Function;Vector Predication Intrinsics;llvm.vp.gather 
246;Intrinsic Function;Vector Predication Intrinsics;llvm.vp.scatter 
247;Intrinsic Function;Vector Predication Intrinsics;llvm.vp.trunc.* 
248;Intrinsic Function;Vector Predication Intrinsics;llvm.vp.zext.* 
249;Intrinsic Function;Vector Predication Intrinsics;llvm.vp.sext.* 
250;Intrinsic Function;Vector Predication Intrinsics;llvm.vp.fptrunc.* 
251;Intrinsic Function;Vector Predication Intrinsics;llvm.vp.fpext.* 
252;Intrinsic Function;Vector Predication Intrinsics;llvm.vp.fptoui.* 
253;Intrinsic Function;Vector Predication Intrinsics;llvm.vp.fptosi.* 
254;Intrinsic Function;Vector Predication Intrinsics;llvm.vp.uitofp.* 
255;Intrinsic Function;Vector Predication Intrinsics;llvm.vp.sitofp.* 
256;Intrinsic Function;Vector Predication Intrinsics;llvm.vp.ptrtoint.* 
257;Intrinsic Function;Vector Predication Intrinsics;llvm.vp.inttoptr.* 
258;Intrinsic Function;Vector Predication Intrinsics;llvm.vp.fcmp.* 
259;Intrinsic Function;Vector Predication Intrinsics;llvm.vp.icmp.* 
260;Intrinsic Function;Masked Vector Load and Store Intrinsics;llvm.masked.load.* 
261;Intrinsic Function;Masked Vector Load and Store Intrinsics;llvm.masked.store.* 
262;Intrinsic Function;Masked Vector Gather and Scatter Intrinsics;llvm.masked.gather.* 
263;Intrinsic Function;Masked Vector Gather and Scatter Intrinsics;llvm.masked.scatter.* 
264;Intrinsic Function;Masked Vector Expanding Load and Compressing Store Intrinsics;llvm.masked.expandload.* 
265;Intrinsic Function;Masked Vector Expanding Load and Compressing Store Intrinsics;llvm.masked.compressstore.* 
266;Intrinsic Function;Memory Use Markers;llvm.lifetime.start 
267;Intrinsic Function;Memory Use Markers;llvm.lifetime.end 
268;Intrinsic Function;Memory Use Markers;llvm.invariant.start 
269;Intrinsic Function;Memory Use Markers;llvm.invariant.end 
270;Intrinsic Function;Memory Use Markers;llvm.launder.invariant.group 
271;Intrinsic Function;Memory Use Markers;llvm.strip.invariant.group 
272;Intrinsic Function;Constrained Floating-Point Intrinsics;llvm.experimental.constrained.fadd 
273;Intrinsic Function;Constrained Floating-Point Intrinsics;llvm.experimental.constrained.fsub 
274;Intrinsic Function;Constrained Floating-Point Intrinsics;llvm.experimental.constrained.fmul 
275;Intrinsic Function;Constrained Floating-Point Intrinsics;llvm.experimental.constrained.fdiv 
276;Intrinsic Function;Constrained Floating-Point Intrinsics;llvm.experimental.constrained.frem 
277;Intrinsic Function;Constrained Floating-Point Intrinsics;llvm.experimental.constrained.fma 
278;Intrinsic Function;Constrained Floating-Point Intrinsics;llvm.experimental.constrained.fptoui 
279;Intrinsic Function;Constrained Floating-Point Intrinsics;llvm.experimental.constrained.fptosi 
280;Intrinsic Function;Constrained Floating-Point Intrinsics;llvm.experimental.constrained.uitofp 
281;Intrinsic Function;Constrained Floating-Point Intrinsics;llvm.experimental.constrained.sitofp 
282;Intrinsic Function;Constrained Floating-Point Intrinsics;llvm.experimental.constrained.fptrunc 
283;Intrinsic Function;Constrained Floating-Point Intrinsics;llvm.experimental.constrained.fpext 
284;Intrinsic Function;Constrained Floating-Point Intrinsics;llvm.experimental.constrained.fcmp and llvm.experimental.constrained.fcmps 
285;Intrinsic Function;Constrained Floating-Point Intrinsics;llvm.experimental.constrained.fmuladd 
286;Intrinsic Function;Constrained libm-equivalent Intrinsics;llvm.experimental.constrained.sqrt 
287;Intrinsic Function;Constrained libm-equivalent Intrinsics;llvm.experimental.constrained.pow 
288;Intrinsic Function;Constrained libm-equivalent Intrinsics;llvm.experimental.constrained.powi 
289;Intrinsic Function;Constrained libm-equivalent Intrinsics;llvm.experimental.constrained.sin 
290;Intrinsic Function;Constrained libm-equivalent Intrinsics;llvm.experimental.constrained.cos 
291;Intrinsic Function;Constrained libm-equivalent Intrinsics;llvm.experimental.constrained.exp 
292;Intrinsic Function;Constrained libm-equivalent Intrinsics;llvm.experimental.constrained.exp2 
293;Intrinsic Function;Constrained libm-equivalent Intrinsics;llvm.experimental.constrained.log 
294;Intrinsic Function;Constrained libm-equivalent Intrinsics;llvm.experimental.constrained.log10 
295;Intrinsic Function;Constrained libm-equivalent Intrinsics;llvm.experimental.constrained.log2 
296;Intrinsic Function;Constrained libm-equivalent Intrinsics;llvm.experimental.constrained.rint 
297;Intrinsic Function;Constrained libm-equivalent Intrinsics;llvm.experimental.constrained.lrint 
298;Intrinsic Function;Constrained libm-equivalent Intrinsics;llvm.experimental.constrained.llrint 
299;Intrinsic Function;Constrained libm-equivalent Intrinsics;llvm.experimental.constrained.nearbyint 
300;Intrinsic Function;Constrained libm-equivalent Intrinsics;llvm.experimental.constrained.maxnum 
301;Intrinsic Function;Constrained libm-equivalent Intrinsics;llvm.experimental.constrained.minnum 
302;Intrinsic Function;Constrained libm-equivalent Intrinsics;llvm.experimental.constrained.maximum 
303;Intrinsic Function;Constrained libm-equivalent Intrinsics;llvm.experimental.constrained.minimum 
304;Intrinsic Function;Constrained libm-equivalent Intrinsics;llvm.experimental.constrained.ceil 
305;Intrinsic Function;Constrained libm-equivalent Intrinsics;llvm.experimental.constrained.floor 
306;Intrinsic Function;Constrained libm-equivalent Intrinsics;llvm.experimental.constrained.round 
307;Intrinsic Function;Constrained libm-equivalent Intrinsics;llvm.experimental.constrained.roundeven 
308;Intrinsic Function;Constrained libm-equivalent Intrinsics;llvm.experimental.constrained.lround 
309;Intrinsic Function;Constrained libm-equivalent Intrinsics;llvm.experimental.constrained.llround 
310;Intrinsic Function;Constrained libm-equivalent Intrinsics;llvm.experimental.constrained.trunc 
311;Intrinsic Function;Constrained libm-equivalent Intrinsics;llvm.experimental.noalias.scope.decl 
312;Intrinsic Function;Floating Point Environment Manipulation intrinsics;llvm.flt.rounds 
313;Intrinsic Function;Floating Point Environment Manipulation intrinsics;llvm.set.rounding 
314;Intrinsic Function;Floating-Point Test Intrinsics;llvm.is.fpclass 
315;Intrinsic Function;General Intrinsics;llvm.var.annotation 
316;Intrinsic Function;General Intrinsics;llvm.ptr.annotation.* 
317;Intrinsic Function;General Intrinsics;llvm.annotation.* 
318;Intrinsic Function;General Intrinsics;llvm.codeview.annotation 
319;Intrinsic Function;General Intrinsics;llvm.trap 
320;Intrinsic Function;General Intrinsics;llvm.debugtrap 
321;Intrinsic Function;General Intrinsics;llvm.ubsantrap 
322;Intrinsic Function;General Intrinsics;llvm.stackprotector 
323;Intrinsic Function;General Intrinsics;llvm.stackguard 
324;Intrinsic Function;General Intrinsics;llvm.objectsize 
325;Intrinsic Function;General Intrinsics;llvm.expect 
326;Intrinsic Function;General Intrinsics;llvm.expect.with.probability 
327;Intrinsic Function;General Intrinsics;llvm.assume 
328;Intrinsic Function;General Intrinsics;llvm.ssa.copy 
329;Intrinsic Function;General Intrinsics;llvm.type.test 
330;Intrinsic Function;General Intrinsics;llvm.type.checked.load 
331;Intrinsic Function;General Intrinsics;llvm.arithmetic.fence 
332;Intrinsic Function;General Intrinsics;llvm.donothing 
333;Intrinsic Function;General Intrinsics;llvm.experimental.deoptimize 
334;Intrinsic Function;General Intrinsics;llvm.experimental.guard 
335;Intrinsic Function;General Intrinsics;llvm.experimental.widenable.condition 
336;Intrinsic Function;General Intrinsics;llvm.load.relative 
337;Intrinsic Function;General Intrinsics;llvm.sideeffect 
338;Intrinsic Function;General Intrinsics;llvm.is.constant.* 
339;Intrinsic Function;General Intrinsics;llvm.ptrmask 
340;Intrinsic Function;General Intrinsics;llvm.vscale 
341;Intrinsic Function;Stack Map Intrinsics;…
342;Intrinsic Function;Element Wise Atomic Memory Intrinsics;llvm.memcpy.element.unordered.atomic 
343;Intrinsic Function;Element Wise Atomic Memory Intrinsics;llvm.memmove.element.unordered.atomic 
344;Intrinsic Function;Element Wise Atomic Memory Intrinsics;llvm.memset.element.unordered.atomic 
345;Intrinsic Function;Objective-C ARC Runtime Intrinsics;llvm.objc.autorelease 
346;Intrinsic Function;Objective-C ARC Runtime Intrinsics;llvm.objc.autoreleasePoolPop 
347;Intrinsic Function;Objective-C ARC Runtime Intrinsics;llvm.objc.autoreleasePoolPush 
348;Intrinsic Function;Objective-C ARC Runtime Intrinsics;llvm.objc.autoreleaseReturnValue 
349;Intrinsic Function;Objective-C ARC Runtime Intrinsics;llvm.objc.copyWeak 
350;Intrinsic Function;Objective-C ARC Runtime Intrinsics;llvm.objc.destroyWeak 
351;Intrinsic Function;Objective-C ARC Runtime Intrinsics;llvm.objc.initWeak 
352;Intrinsic Function;Objective-C ARC Runtime Intrinsics;llvm.objc.loadWeak 
353;Intrinsic Function;Objective-C ARC Runtime Intrinsics;llvm.objc.loadWeakRetained 
354;Intrinsic Function;Objective-C ARC Runtime Intrinsics;llvm.objc.moveWeak 
355;Intrinsic Function;Objective-C ARC Runtime Intrinsics;llvm.objc.release 
356;Intrinsic Function;Objective-C ARC Runtime Intrinsics;llvm.objc.retain 
357;Intrinsic Function;Objective-C ARC Runtime Intrinsics;llvm.objc.retainAutorelease 
358;Intrinsic Function;Objective-C ARC Runtime Intrinsics;llvm.objc.retainAutoreleaseReturnValue 
359;Intrinsic Function;Objective-C ARC Runtime Intrinsics;llvm.objc.retainAutoreleasedReturnValue 
360;Intrinsic Function;Objective-C ARC Runtime Intrinsics;llvm.objc.retainBlock 
361;Intrinsic Function;Objective-C ARC Runtime Intrinsics;llvm.objc.storeStrong 
362;Intrinsic Function;Objective-C ARC Runtime Intrinsics;llvm.objc.storeWeak 
363;Intrinsic Function;Objective-C ARC Runtime Intrinsics;Preserving Debug Information Intrinsics
364;Intrinsic Function;Objective-C ARC Runtime Intrinsics;llvm.preserve.array.access.index 
365;Intrinsic Function;Objective-C ARC Runtime Intrinsics;llvm.preserve.union.access.index 
366;Intrinsic Function;Objective-C ARC Runtime Intrinsics;llvm.preserve.struct.access.index 
367;Intrinsic Function;Objective-C ARC Runtime Intrinsics;llvm.fptrunc.round 
